City_ID,City,Country,Lat,Lng,Max Temp,Humidity,Cloudiness,Wind Speed,Current Description
0,Novyy Urengoy,RU,66.0833,76.6333,37.78,94,92,14.47,overcast clouds
1,Ribeira Grande,PT,38.5167,-28.7,72.3,84,95,4.72,overcast clouds
2,Wewak,PG,-3.5534,143.6268,78.73,84,73,5.01,broken clouds
3,Faanui,PF,-16.4833,-151.75,79.05,70,4,21.56,clear sky
4,Dunedin,NZ,-45.8742,170.5036,48.79,61,95,4.0,overcast clouds
5,Verkhoshizhemye,RU,58.011,49.1038,39.6,94,100,7.49,overcast clouds
6,Lebu,CL,-37.6167,-73.65,50.13,90,0,8.25,clear sky
7,Luderitz,NA,-26.6481,15.1594,61.7,41,15,15.77,few clouds
8,Cidreira,BR,-30.1811,-50.2056,59.99,66,98,14.85,overcast clouds
9,Norman Wells,CA,65.282,-126.8329,55.33,55,7,10.29,clear sky
10,Kodiak,US,57.79,-152.4072,53.11,87,90,6.91,mist
11,La Ronge,CA,55.1001,-105.2842,40.6,90,100,18.57,overcast clouds
12,Humaita,BR,-7.5061,-63.0208,81.48,54,63,3.6,broken clouds
13,Sembe,CG,1.6481,14.5806,70.27,99,100,3.65,light rain
14,Atuona,PF,-9.8,-139.0333,77.14,80,15,15.86,light rain
15,Sibu,MY,2.3,111.8167,73.18,92,93,1.14,overcast clouds
16,New Norfolk,AU,-42.7826,147.0587,52.92,66,32,1.01,scattered clouds
17,Saskylakh,RU,71.9167,114.0833,33.69,97,100,18.68,light rain
18,Kaspiyskiy,RU,45.3929,47.3707,65.55,36,100,15.77,overcast clouds
19,Hobyo,SO,5.3505,48.5268,77.31,88,44,23.53,scattered clouds
20,Namibe,AO,-15.1961,12.1522,61.36,90,21,6.22,few clouds
21,Gasa,PS,31.5,34.4667,73.38,62,0,4.72,clear sky
22,Hobart,AU,-42.8794,147.3294,53.26,77,20,1.99,few clouds
23,Maarianhamina,AX,60.0973,19.9348,48.06,76,90,8.05,overcast clouds
24,Cap Malheureux,MU,-19.9842,57.6142,70.47,88,11,1.99,light rain
25,Qaqortoq,GL,60.7167,-46.0333,37.9,70,100,3.02,overcast clouds
26,Fortuna,US,40.5982,-124.1573,85.19,63,1,1.99,clear sky
27,Lucapa,AO,-8.4192,20.7447,68.11,83,90,3.69,overcast clouds
28,East London,ZA,-33.0153,27.9116,57.81,64,76,16.51,broken clouds
29,Castro,BR,-24.7911,-50.0119,54.7,96,100,8.46,overcast clouds
30,Tiksi,RU,71.6872,128.8694,39.52,93,100,8.08,overcast clouds
31,Vanavara,RU,60.34,102.2797,30.0,96,23,3.0,few clouds
32,Rikitea,PF,-23.1203,-134.9692,73.9,73,53,14.92,light rain
33,Cape Town,ZA,-33.9258,18.4232,56.88,73,0,5.01,clear sky
34,Vaini,TO,-21.2,-175.2,80.76,89,20,8.05,few clouds
35,Constitucion,CL,-35.3333,-72.4167,52.43,85,0,14.58,clear sky
36,Tuktoyaktuk,CA,69.4541,-133.0374,49.75,68,51,10.29,broken clouds
37,Anadyr,RU,64.75,177.4833,39.7,75,75,22.37,broken clouds
38,Duluth,US,46.7833,-92.1066,82.45,53,20,15.99,few clouds
39,Yellowknife,CA,62.456,-114.3525,46.85,43,76,5.59,broken clouds
40,Ushuaia,AR,-54.8,-68.3,37.06,60,75,0.0,broken clouds
41,Mataura,NZ,-46.1927,168.8643,44.47,55,23,6.24,few clouds
42,Huari,PE,-9.3333,-77.2333,48.7,62,90,7.09,overcast clouds
43,Klaksvik,FO,62.2266,-6.589,54.52,96,100,31.12,overcast clouds
44,Barrow,US,71.2906,-156.7887,33.82,93,90,11.5,moderate rain
45,Moche,PE,-8.1711,-79.0092,59.18,88,90,11.5,mist
46,Punta Arenas,CL,-53.15,-70.9167,37.51,93,90,12.66,light intensity drizzle
47,Port Alfred,ZA,-33.5906,26.891,54.82,74,34,15.19,scattered clouds
48,Kushima,JP,31.4583,131.2333,79.43,91,96,5.82,overcast clouds
49,Butaritari,KI,3.0707,172.7902,82.36,76,34,14.14,light rain
50,Gazanjyk,TM,39.2446,55.5154,73.92,49,0,7.94,clear sky
51,Pimentel,PE,-6.8367,-79.9342,63.25,83,65,15.88,broken clouds
52,Neiafu,TO,-18.65,-173.9833,83.08,69,20,11.5,few clouds
53,Thompson,CA,55.7435,-97.8558,53.98,53,98,10.04,overcast clouds
54,Najran,SA,17.4924,44.1277,75.85,22,25,3.6,scattered clouds
55,Olafsvik,IS,64.8945,-23.7142,44.73,87,84,20.18,broken clouds
56,Ntoum,GA,0.3833,9.7833,75.29,90,100,2.71,light rain
57,Airai,TL,-8.9266,125.4092,66.56,38,77,3.2,broken clouds
58,Bluff,NZ,-46.6,168.3333,44.8,53,79,12.33,broken clouds
59,Khani,GE,41.9563,42.9566,58.57,96,78,1.14,broken clouds
60,Ramshir,IR,30.8946,49.4092,88.61,17,0,9.28,clear sky
61,Busselton,AU,-33.65,115.3333,50.49,73,71,6.6,broken clouds
62,Salalah,OM,17.0151,54.0924,78.89,89,20,0.0,few clouds
63,Vazhiny,RU,60.9644,34.0222,34.88,95,14,3.67,few clouds
64,Presidente Epitacio,BR,-21.7633,-52.1156,78.31,59,57,14.25,broken clouds
65,Nosy Varika,MG,-20.5833,48.5333,67.44,90,13,8.16,few clouds
66,Arcachon,FR,44.5875,-1.0519,59.32,94,20,1.14,few clouds
67,Viedma,AR,-40.8135,-62.9967,61.88,28,63,9.51,broken clouds
68,Chuy,UY,-33.6971,-53.4616,53.82,81,0,6.58,clear sky
69,Mount Gambier,AU,-37.8333,140.7667,60.51,51,81,18.75,light rain
70,Saint-Philippe,RE,-21.3585,55.7679,71.15,83,49,6.31,light rain
71,Lokosovo,RU,61.1333,74.8167,49.75,99,100,7.85,moderate rain
72,Bathsheba,BB,13.2167,-59.5167,83.01,78,40,16.11,scattered clouds
73,Boralday,KZ,43.3578,76.8594,60.66,36,40,2.24,scattered clouds
74,Sayyan,YE,15.1718,44.3244,64.0,30,99,2.42,overcast clouds
75,Cockburn Town,TC,21.4612,-71.1419,84.16,79,40,9.22,scattered clouds
76,Bengkulu,ID,-3.8004,102.2655,74.55,87,17,3.85,few clouds
77,Ahipara,NZ,-35.1667,173.1667,56.82,86,99,13.38,overcast clouds
78,Srednekolymsk,RU,67.45,153.6833,48.49,59,67,6.58,broken clouds
79,Kapaa,US,22.0752,-159.319,84.52,72,40,1.99,light rain
80,Te Anau,NZ,-45.4167,167.7167,39.15,88,70,1.54,broken clouds
81,Tiznit,MA,29.5833,-9.5,65.61,83,69,4.36,broken clouds
82,Dwarka,IN,22.2394,68.9678,81.36,88,90,14.16,overcast clouds
83,Sao Paulo De Olivenca,BR,-3.3783,-68.8725,74.14,79,80,0.92,light rain
84,Nanortalik,GL,60.1432,-45.2371,38.79,86,100,5.93,overcast clouds
85,Bethel,US,41.3712,-73.414,72.72,85,75,1.01,broken clouds
86,Hilo,US,19.7297,-155.09,84.27,76,90,6.91,overcast clouds
87,Cabo San Lucas,MX,22.8909,-109.9124,88.9,70,20,8.05,few clouds
88,San Patricio,US,28.017,-97.5169,93.29,44,98,4.7,overcast clouds
89,Bredasdorp,ZA,-34.5322,20.0403,50.29,84,6,3.94,clear sky
90,Sioux Lookout,CA,50.1001,-91.917,57.58,94,75,6.91,broken clouds
91,Richards Bay,ZA,-28.783,32.0377,61.99,88,100,11.99,light rain
92,Roald,NO,62.5833,6.1333,55.9,100,75,4.61,broken clouds
93,Skjervoy,NO,70.0311,20.9714,45.59,69,100,12.73,overcast clouds
94,Hermanus,ZA,-34.4187,19.2345,50.81,76,21,7.38,few clouds
95,Mugumu,TZ,-1.85,34.7,64.35,75,38,4.38,scattered clouds
96,Rockhampton,AU,-23.3833,150.5,69.69,64,20,8.05,few clouds
97,Sitka,US,57.0531,-135.33,55.29,54,75,17.27,light rain
98,Mizdah,LY,31.4451,12.9801,72.77,38,0,7.09,clear sky
99,Provideniya,RU,64.3833,-173.3,41.11,65,75,6.71,broken clouds
100,Portland,US,45.5234,-122.6762,79.56,28,75,1.99,broken clouds
101,Upernavik,GL,72.7868,-56.1549,26.33,57,100,4.92,overcast clouds
102,Sakakah,SA,29.9697,40.2064,82.26,23,0,7.05,clear sky
103,Bay Roberts,CA,47.5999,-53.2648,65.34,92,100,7.0,overcast clouds
104,Dikson,RU,73.5069,80.5464,34.92,76,100,16.6,overcast clouds
105,Kununurra,AU,-15.7667,128.7333,80.58,74,22,3.44,few clouds
106,Sangin,AF,32.0728,64.8359,74.73,10,0,3.2,clear sky
107,Dingle,PH,10.9995,122.6711,75.63,94,100,4.12,overcast clouds
108,Longyearbyen,SJ,78.2186,15.6401,42.64,81,75,2.3,broken clouds
109,Pumiao,CN,22.75,108.4833,76.12,94,98,0.72,light rain
110,Hamilton,US,39.1834,-84.5333,80.94,70,1,1.01,clear sky
111,Aloleng,PH,16.1307,119.7824,80.42,82,92,2.04,light rain
112,Chiredzi,ZW,-21.05,31.6667,70.2,69,56,7.56,broken clouds
113,Batagay-Alyta,RU,67.8006,130.4114,38.7,93,100,7.29,overcast clouds
114,Riyadh,SA,24.6877,46.7219,78.94,14,22,8.01,few clouds
115,Watertown,US,42.3709,-71.1828,67.37,83,90,1.99,overcast clouds
116,Severo-Kurilsk,RU,50.6789,156.125,53.29,70,4,6.96,clear sky
117,Orlovskiy,RU,46.8714,42.0592,55.13,44,36,7.67,scattered clouds
118,Joensuu,FI,62.6012,29.7632,39.69,93,0,4.61,clear sky
119,Colesberg,ZA,-30.72,25.0972,42.33,73,0,14.88,clear sky
120,Georgetown,MY,5.4112,100.3354,80.53,83,20,4.61,few clouds
121,Velke Hamry,CZ,50.7137,15.3154,55.18,92,100,4.05,overcast clouds
122,Terme,TR,41.2092,36.9739,67.93,77,100,8.08,overcast clouds
123,Ilulissat,GL,69.2167,-51.1,21.22,63,0,4.61,clear sky
124,Paamiut,GL,61.994,-49.6678,38.12,71,100,5.61,overcast clouds
125,Sakai,JP,34.5833,135.4667,75.18,72,100,5.97,light rain
126,Waingapu,ID,-9.6567,120.2641,79.25,77,41,8.55,scattered clouds
127,Prince Rupert,CA,54.3161,-130.3201,53.69,66,90,13.8,light rain
128,Vanimo,PG,-2.6741,141.3028,79.2,79,82,6.26,broken clouds
129,Aklavik,CA,68.2191,-135.0107,55.83,54,4,9.69,clear sky
130,Mastic Beach,US,40.7668,-72.8521,74.16,85,90,1.99,overcast clouds
131,Parrita,CR,9.5201,-84.3225,83.07,86,90,1.5,overcast clouds
132,Nikolskoye,RU,59.7035,30.7861,40.01,94,23,1.63,few clouds
133,Bereda,ES,43.2686,-7.5406,58.01,100,17,0.36,few clouds
134,Lompoc,US,34.6391,-120.4579,77.14,73,1,13.8,clear sky
135,Kaitangata,NZ,-46.2817,169.8464,45.12,56,99,6.78,overcast clouds
136,Wasilla,US,61.5814,-149.4394,54.52,65,1,1.01,clear sky
137,Golkoy,TR,40.6875,37.6178,60.21,94,86,0.94,overcast clouds
138,Saint-Georges,GD,12.0564,-61.7485,83.88,74,20,23.02,few clouds
139,Lypcha,UA,48.2611,23.3834,62.82,87,100,4.34,overcast clouds
140,Havre-Saint-Pierre,CA,50.2334,-63.5986,53.56,83,0,13.22,clear sky
141,Arraial Do Cabo,BR,-22.9661,-42.0278,70.05,92,100,17.13,overcast clouds
142,Uyar,RU,55.81,94.3153,45.46,98,100,5.64,light rain
143,Port Elizabeth,ZA,-33.918,25.5701,52.11,77,35,14.23,scattered clouds
144,Qaanaaq,GL,77.484,-69.3632,19.94,79,99,5.32,overcast clouds
145,Bambous Virieux,MU,-20.3428,57.7575,70.21,84,21,4.72,light rain
146,Ingham,US,42.6,-84.3833,76.48,59,40,10.36,scattered clouds
147,Labuhan,ID,-6.8844,112.2051,77.67,85,78,6.53,broken clouds
148,Albany,US,42.6001,-73.9662,71.76,83,28,1.14,scattered clouds
149,Beringovskiy,RU,63.05,179.3167,40.6,62,90,18.14,overcast clouds
150,Karratha,AU,-20.7377,116.8463,68.41,36,42,9.04,scattered clouds
151,Chumikan,RU,54.7183,135.315,50.67,59,59,30.29,broken clouds
152,Ronne,DK,55.1009,14.7066,60.71,100,90,3.44,overcast clouds
153,Solnechnyy,RU,50.7214,136.6319,56.97,76,38,3.83,scattered clouds
154,Bhainsa,IN,26.9548,76.9012,74.71,83,99,12.86,overcast clouds
155,Zaysan,KZ,47.4667,84.8667,58.93,30,6,7.29,clear sky
156,Vestmanna,FO,62.1564,-7.1664,52.72,100,90,24.16,overcast clouds
157,Ola,RU,59.5833,151.2833,52.92,72,1,4.23,clear sky
158,Pauini,BR,-7.7136,-66.9764,82.78,58,83,4.47,broken clouds
159,Raga,SS,8.4596,25.678,70.12,95,97,2.35,light rain
160,Jamestown,US,42.097,-79.2353,72.84,74,1,4.0,clear sky
161,Tagusao,PH,9.1924,117.8141,79.86,80,100,1.45,overcast clouds
162,Lasa,IT,46.6166,10.7002,60.03,95,100,2.82,light rain
163,Castrillon,ES,43.3979,-6.7922,63.14,98,21,2.53,few clouds
164,Saldanha,ZA,-33.0117,17.9442,54.91,72,0,19.24,clear sky
165,Road Town,VG,18.4167,-64.6167,82.49,78,8,14.14,clear sky
166,Mangrol,IN,21.1167,70.1167,80.04,87,97,13.89,overcast clouds
167,Mincivan,AZ,39.0294,46.7185,70.57,54,0,2.51,clear sky
168,Bonthe,SL,7.5264,-12.505,76.14,89,81,6.38,light rain
169,Grindavik,IS,63.8424,-22.4338,46.87,87,75,9.22,broken clouds
170,Khatanga,RU,71.9667,102.5,31.84,87,100,1.92,overcast clouds
171,Sechura,PE,-5.5569,-80.8222,69.44,68,10,18.21,clear sky
172,Manggar,ID,-2.8833,108.2667,80.8,78,60,9.15,broken clouds
173,Carnarvon,AU,-24.8667,113.6333,53.67,66,32,9.22,scattered clouds
174,Inhambane,MZ,-23.865,35.3833,71.28,91,4,4.85,clear sky
175,Yulara,AU,-25.2406,130.9889,66.04,77,90,9.22,overcast clouds
176,Hithadhoo,MV,-0.6,73.0833,83.3,72,99,10.63,light rain
177,Mongo,TD,12.1844,18.693,81.64,45,78,4.41,broken clouds
178,Flin Flon,CA,54.7682,-101.865,46.24,87,90,10.36,overcast clouds
179,Kirakira,SB,-10.4544,161.9205,83.53,72,27,11.01,scattered clouds
180,Constantine,DZ,36.365,6.6147,80.49,43,91,0.96,overcast clouds
181,Guerrero Negro,MX,27.9769,-114.0611,75.45,63,5,21.99,clear sky
182,Ribeira Brava,PT,32.65,-17.0667,72.23,74,18,7.45,few clouds
183,Ninotsminda,GE,41.2646,43.5916,54.05,91,81,5.06,broken clouds
184,Lavrentiya,RU,65.5833,-171.0,36.93,61,95,4.23,overcast clouds
185,Volovo,UA,48.5246,23.5056,61.47,90,100,4.52,overcast clouds
186,Swift Current,CA,50.2834,-107.8014,58.14,29,32,23.35,scattered clouds
187,Zatoka,UA,46.0725,30.4654,55.94,66,11,7.92,few clouds
188,Bloemfontein,ZA,-29.1211,26.214,43.39,61,1,15.46,clear sky
189,Saint-Joseph,RE,-21.3667,55.6167,70.16,79,23,3.04,light rain
190,Touros,BR,-5.1989,-35.4608,77.9,82,1,18.21,clear sky
191,Flinders,AU,-34.5833,150.8552,64.06,75,4,1.99,clear sky
192,Pisco,PE,-13.7,-76.2167,63.01,77,20,13.8,few clouds
193,Umtata,ZA,-31.5889,28.7844,49.08,83,62,8.61,broken clouds
194,Mweka,CD,-4.85,21.5667,69.66,91,99,2.33,overcast clouds
195,Zhaoyuan,CN,37.3592,120.3964,68.0,93,99,7.36,overcast clouds
196,Hofn,IS,64.2539,-15.2082,51.75,98,100,15.08,overcast clouds
197,Geraldton,AU,-28.7667,114.6,50.41,93,40,0.0,scattered clouds
198,Gelibolu,TR,40.4103,26.6708,62.46,64,1,7.83,clear sky
199,Broome,US,42.2506,-75.833,71.38,68,90,1.99,overcast clouds
200,Gamboma,CG,-1.8764,15.8644,72.55,88,100,3.89,overcast clouds
201,Areia Branca,BR,-4.9561,-37.1369,81.5,65,44,23.4,scattered clouds
202,Acajutla,SV,13.5928,-89.8275,82.24,77,59,3.49,light rain
203,Kapoeta,SS,4.7717,33.5903,78.22,59,79,3.15,broken clouds
204,Mawlaik,MM,23.6333,94.4167,74.26,99,100,0.56,overcast clouds
205,Baykit,RU,61.67,96.37,35.8,89,100,2.95,overcast clouds
206,Tual,ID,-5.6667,132.75,80.47,76,65,20.15,broken clouds
207,Nome,US,64.5011,-165.4064,48.16,54,90,3.44,overcast clouds
208,Dabat,ET,12.9842,37.765,53.46,78,46,2.86,scattered clouds
209,Sant Feliu De Guixols,ES,41.7833,3.0333,74.89,94,43,2.48,scattered clouds
210,Muroto,JP,33.2833,134.15,71.64,82,100,18.19,moderate rain
211,Saint-Augustin,CA,51.226,-58.6502,56.28,57,42,12.48,scattered clouds
212,Nautla,MX,20.2167,-96.7833,83.88,78,100,3.58,overcast clouds
213,Houston,US,29.7633,-95.3633,83.34,78,75,1.99,broken clouds
214,Lake City,US,30.1897,-82.6393,83.95,94,90,0.0,overcast clouds
215,Nantucket,US,41.2835,-70.0995,68.11,93,99,13.53,overcast clouds
216,Katsuura,JP,35.1333,140.3,69.91,74,100,7.31,overcast clouds
217,Cherskiy,RU,68.75,161.3,37.42,61,91,17.31,overcast clouds
218,Ambilobe,MG,-13.2,49.05,70.83,78,77,4.47,broken clouds
219,Marsh Harbour,BS,26.5412,-77.0636,84.22,66,62,4.9,broken clouds
220,Hualmay,PE,-11.0964,-77.6139,63.07,79,15,12.06,few clouds
221,Zwettl,AT,48.6,15.1667,61.93,97,100,7.74,light rain
222,Bako,ET,5.7833,36.5667,63.64,83,92,4.45,light rain
223,Luocheng,CN,29.3848,104.0286,66.74,94,100,0.96,overcast clouds
224,Namatanai,PG,-3.6667,152.4333,82.76,69,29,4.7,scattered clouds
225,Los Llanos De Aridane,ES,28.6585,-17.9182,71.35,73,20,13.8,few clouds
226,Rosita,NI,13.9268,-84.4032,83.16,73,73,3.83,broken clouds
227,Madras,IN,13.0878,80.2785,84.18,84,75,6.91,mist
228,Tasiilaq,GL,65.6145,-37.6368,35.76,68,7,5.19,clear sky
229,Uinskoye,RU,56.8817,56.5813,41.9,93,100,10.16,overcast clouds
230,Komsomolskiy,UZ,40.4272,71.7189,67.42,22,0,3.06,clear sky
231,Shizunai,JP,42.3339,142.3669,61.34,69,100,13.33,overcast clouds
232,Chapais,CA,49.7834,-74.8492,59.34,59,20,7.43,few clouds
233,Paramonga,PE,-10.6667,-77.8333,62.62,82,10,11.07,clear sky
234,Gaoua,BF,10.2992,-3.2508,73.94,86,16,3.8,few clouds
235,Bosaso,SO,11.2842,49.1816,92.21,43,49,5.48,scattered clouds
236,Baracoa,CU,20.3467,-74.4958,80.92,83,67,3.65,broken clouds
237,Aksu,CN,41.1231,80.2644,67.01,42,40,5.59,scattered clouds
238,Fairbanks,US,64.8378,-147.7164,56.1,51,75,0.0,broken clouds
239,Sao Felix Do Xingu,BR,-6.6447,-51.995,83.57,44,93,1.81,moderate rain
240,Keuruu,FI,62.2667,24.7,42.98,72,98,3.76,overcast clouds
241,Domna,RU,51.8971,113.1573,42.96,93,67,0.0,broken clouds
242,Pevek,RU,69.7008,170.3133,31.26,78,100,18.16,overcast clouds
243,Harindanga,IN,22.0383,88.3214,82.38,90,100,3.04,overcast clouds
244,Rio Gallegos,AR,-51.6226,-69.2181,41.05,93,40,9.22,scattered clouds
245,Vao,NC,-22.6667,167.4833,68.7,60,0,14.65,clear sky
246,San Policarpo,PH,12.1791,125.5072,80.08,83,100,1.28,overcast clouds
247,Horki,BY,54.2861,30.9842,43.3,70,100,8.93,light rain
248,Bocas Del Toro,PA,9.3333,-82.25,85.08,73,94,4.25,overcast clouds
249,Port-Cartier,CA,50.0334,-66.8654,56.75,74,3,5.79,clear sky
250,San Cristobal,VE,7.7669,-72.225,75.38,98,83,3.89,broken clouds
251,Kurilsk,RU,45.2333,147.8833,52.65,67,100,9.82,overcast clouds
252,Yerbogachen,RU,61.2767,108.0108,34.05,90,60,4.43,broken clouds
253,Kumeny,RU,58.1089,49.9161,40.24,93,100,10.96,overcast clouds
254,Buala,SB,-8.145,159.5921,84.24,68,57,7.67,broken clouds
255,Itarema,BR,-2.9248,-39.9167,79.0,86,0,15.01,clear sky
256,Denpasar,ID,-8.65,115.2167,78.46,94,75,11.5,broken clouds
257,Changji,CN,44.0167,87.3167,68.79,34,0,4.47,clear sky
258,Port Hedland,AU,-20.3167,118.5667,60.85,88,1,6.91,clear sky
259,Lorengau,PG,-2.0226,147.2712,82.51,71,54,9.62,broken clouds
260,Byron Bay,AU,-28.65,153.6167,69.06,66,4,7.14,clear sky
261,Tecoanapa,MX,16.5167,-98.75,83.8,73,98,5.19,overcast clouds
262,Ushtobe,KZ,45.2514,77.9838,60.17,43,0,4.45,clear sky
263,Saint George,US,37.1041,-113.5841,99.07,12,1,1.01,clear sky
264,Cepu,ID,-7.1475,111.5906,76.6,83,36,3.38,scattered clouds
265,Kitimat,CA,54.0524,-128.6534,52.92,69,100,1.36,overcast clouds
266,Atakpame,TG,7.5333,1.1333,71.92,92,26,3.29,scattered clouds
267,Torbay,CA,47.6666,-52.7314,64.58,92,75,21.85,broken clouds
268,Breytovo,RU,58.2993,37.8617,42.89,74,100,7.74,overcast clouds
269,Luhyny,UA,51.082,28.4006,57.25,73,100,8.19,overcast clouds
270,Mingshui,CN,36.7167,117.5,66.92,94,100,4.21,light rain
271,Solginskiy,RU,61.05,41.3428,38.05,94,100,5.19,overcast clouds
272,Puerto Madero,MX,14.7208,-92.4215,86.2,70,40,8.05,scattered clouds
273,Rio Grande,BR,-32.035,-52.0986,56.1,71,0,11.21,clear sky
274,Pandan,PH,14.0453,124.1694,79.68,85,100,1.12,overcast clouds
275,Puerto Ayora,EC,-0.7393,-90.3518,68.56,95,54,5.01,broken clouds
276,Gogrial,SS,8.5332,28.1004,72.63,94,86,3.69,light rain
277,Eidsvag,NO,62.7767,8.0668,55.45,86,100,3.6,overcast clouds
278,Grand-Santi,GF,4.25,-54.3833,76.57,81,77,3.65,broken clouds
279,Semnan,IR,35.5729,53.3971,76.21,13,0,5.1,clear sky
280,Yaan,NG,7.3833,8.5667,73.62,96,75,4.94,light rain
281,Harper,LR,4.375,-7.7169,77.41,86,93,8.88,light rain
282,Otradnoye,RU,59.7775,30.8181,40.17,93,25,1.41,scattered clouds
283,Poum,NC,-20.2333,164.0167,70.39,57,27,17.63,scattered clouds
284,Beidao,CN,34.5686,105.8933,61.18,88,100,1.99,light rain
285,Talnakh,RU,69.4865,88.3972,33.53,89,29,2.17,scattered clouds
286,Narsaq,GL,60.9167,-46.05,37.62,74,100,2.98,overcast clouds
287,Calatayud,ES,41.3535,-1.6432,66.78,70,24,2.73,few clouds
288,Kavieng,PG,-2.5744,150.7967,82.13,71,60,6.08,broken clouds
289,Mandalgovi,MN,45.7625,106.2708,54.48,40,11,4.07,few clouds
290,Berlevag,NO,70.8578,29.0864,41.2,81,98,12.37,overcast clouds
291,Dandong,CN,40.1292,124.3947,65.57,89,100,5.37,overcast clouds
292,Oistins,BB,13.0667,-59.5333,82.49,78,40,16.11,scattered clouds
293,Bafq,IR,31.6128,55.4107,76.24,9,0,1.79,clear sky
294,Maceio,BR,-9.6658,-35.7353,78.24,88,40,4.61,scattered clouds
295,Obigarm,TJ,38.7173,69.7088,62.29,25,0,5.35,clear sky
296,Forestville,US,38.8451,-76.875,74.73,92,40,0.0,light intensity drizzle
297,Kristinehamn,SE,59.3098,14.1081,46.96,92,100,13.6,light rain
298,Yatou,CN,37.15,122.3833,68.41,80,62,7.94,light rain
299,Makakilo City,US,21.3469,-158.0858,88.12,56,75,12.66,broken clouds
300,Loukhi,RU,66.0764,33.0381,41.67,87,100,7.16,overcast clouds
301,Savannah Bight,HN,16.45,-85.85,91.45,83,49,28.5,scattered clouds
302,Chifeng,CN,42.2683,118.9636,55.87,64,0,4.32,clear sky
303,Tibati,CM,6.4667,12.6333,67.1,95,95,1.28,light rain
304,Sur,OM,22.5667,59.5289,86.86,51,72,3.29,broken clouds
305,Pacific Grove,US,36.6177,-121.9166,77.25,82,75,4.0,broken clouds
306,Champerico,GT,14.3,-91.9167,88.34,76,54,6.42,broken clouds
307,Ostrow Mazowiecka,PL,52.8024,21.8951,62.62,98,96,4.85,overcast clouds
308,Esperance,AU,-33.8667,121.9,46.24,77,98,19.13,light rain
309,Puerto Escondido,MX,15.85,-97.0667,81.43,61,90,4.61,overcast clouds
310,Hvolsvollur,IS,63.7533,-20.2243,46.81,98,100,6.53,overcast clouds
311,Chokurdakh,RU,70.6333,147.9167,40.05,82,99,3.89,overcast clouds
312,Concordia,AR,-31.393,-58.0209,57.33,70,0,6.67,clear sky
313,Clyde River,CA,70.4692,-68.5914,29.88,83,97,12.15,overcast clouds
314,Karachi,PK,24.9056,67.0822,85.82,70,1,3.44,clear sky
315,Yabrud,SY,33.9674,36.6574,55.06,79,0,2.91,clear sky
316,Mananjary,MG,-21.2167,48.3333,68.32,89,9,9.28,clear sky
317,Palmerston North,NZ,-40.35,175.6167,51.78,70,100,8.99,overcast clouds
318,Santa Maria,BR,-29.6842,-53.8069,53.62,84,6,6.38,clear sky
319,Victoria,HK,22.2855,114.1577,84.33,84,53,1.01,broken clouds
320,Kousseri,CM,12.0769,15.0306,77.81,61,100,9.86,overcast clouds
321,Masunga,BW,-20.6246,27.4488,67.96,38,35,5.32,scattered clouds
322,Praia Da Vitoria,PT,38.7333,-27.0667,71.76,86,53,8.37,broken clouds
323,Chenzhou,CN,25.8,113.0333,77.02,83,5,1.41,clear sky
324,Bollnas,SE,61.3482,16.3946,47.12,96,100,3.78,overcast clouds
325,Ponta Do Sol,PT,32.6667,-17.1,72.23,71,17,7.11,few clouds
326,Alausi,EC,-2.2,-78.8333,51.13,83,79,5.5,light rain
327,Praya,CV,14.9215,-23.5087,81.14,83,75,18.41,broken clouds
328,Kholodnyy,RU,62.7167,147.95,50.86,55,1,7.27,clear sky
329,Port-Gentil,GA,-0.7193,8.7815,78.3,81,100,10.11,overcast clouds
330,Padang,ID,-0.9492,100.3543,75.25,86,70,4.07,broken clouds
331,Taoudenni,ML,22.6783,-3.9836,96.46,23,99,12.5,overcast clouds
332,Alofi,NU,-19.0595,-169.9187,82.29,74,75,14.97,broken clouds
333,Preston,GB,53.7667,-2.7167,59.67,3,99,2.77,overcast clouds
334,Tuatapere,NZ,-46.1333,167.6833,44.82,63,15,7.02,few clouds
335,Zhezkazgan,KZ,47.8043,67.7144,65.19,32,44,9.57,scattered clouds
336,Logrono,ES,42.4667,-2.45,64.4,94,40,0.0,scattered clouds
337,Iqaluit,CA,63.7506,-68.5145,33.96,83,90,4.41,overcast clouds
338,Atar,MR,20.5169,-13.0499,98.94,20,100,7.14,overcast clouds
339,Kahului,US,20.8947,-156.47,91.42,52,40,25.32,scattered clouds
340,Kruisfontein,ZA,-34.0033,24.7314,49.89,80,6,11.05,clear sky
341,Samana,DO,19.2056,-69.3369,73.36,90,100,5.37,overcast clouds
342,Honningsvag,NO,70.9821,25.9704,45.05,68,100,17.34,overcast clouds
343,Beyneu,KZ,45.3167,55.2,71.64,28,72,16.06,broken clouds
344,Sanary-Sur-Mer,FR,43.1178,5.8001,70.61,88,9,3.0,clear sky
345,Bago,MM,17.3367,96.4797,75.09,97,100,7.78,light rain
346,Thinadhoo,MV,0.5333,72.9333,83.68,72,99,9.53,overcast clouds
347,Ancud,CL,-41.8697,-73.8203,51.42,92,100,11.48,overcast clouds
348,Paka,MY,4.6374,103.4368,76.19,91,89,4.23,overcast clouds
349,Breves,BR,-1.6822,-50.4803,75.65,90,58,2.53,broken clouds
350,Zarand,IR,30.8127,56.564,68.23,10,0,2.82,clear sky
351,Hirara,JP,24.8,125.2833,78.66,94,75,4.61,broken clouds
352,Faya,SA,18.3851,42.4509,64.92,52,51,2.98,broken clouds
353,Kismayo,SO,-0.3582,42.5454,76.64,85,99,15.32,overcast clouds
354,Leningradskiy,RU,69.3833,178.4167,29.32,77,91,8.59,overcast clouds
355,Maamba,ZM,-17.3667,27.15,74.25,28,7,1.68,clear sky
356,Zyryanka,RU,65.75,150.85,52.18,58,42,15.05,scattered clouds
357,Menden,DE,51.4333,7.8,57.51,91,75,3.44,broken clouds
358,Tura,IN,25.5198,90.2201,72.01,94,93,2.77,overcast clouds
359,Ngorongoro,TZ,-3.2397,35.4875,53.02,82,74,4.88,broken clouds
360,Khuzhir,RU,53.1939,107.3397,49.15,69,100,5.39,overcast clouds
361,Yuncheng,CN,35.0231,110.9928,67.1,95,100,2.42,light rain
362,Carutapera,BR,-1.195,-46.02,78.3,85,1,6.38,clear sky
363,Sao Filipe,CV,14.8961,-24.4956,79.63,82,100,7.83,overcast clouds
364,Celestun,MX,20.8667,-90.4,83.48,78,77,10.4,broken clouds
365,Port Lincoln,AU,-34.7333,135.8667,62.24,62,6,17.72,clear sky
366,Axim,GH,4.8699,-2.2405,76.01,94,76,6.73,broken clouds
367,Uirauna,BR,-6.5183,-38.4122,85.42,27,5,7.0,clear sky
368,Sahuaripa,MX,29.05,-109.2333,96.31,32,24,8.99,few clouds
369,Avarua,CK,-21.2078,-159.775,80.65,74,75,18.41,broken clouds
370,Hami,CN,42.8,93.45,73.29,19,99,6.55,overcast clouds
371,Nueve De Julio,AR,-35.4444,-60.8831,57.06,64,0,8.1,clear sky
372,Westport,US,41.1415,-73.3579,74.08,88,90,8.01,overcast clouds
373,Cervo,ES,43.6702,-7.4101,60.19,88,8,4.27,clear sky
374,Vila Franca Do Campo,PT,37.7167,-25.4333,70.21,88,61,3.4,broken clouds
375,Del Rio,US,29.3627,-100.8968,96.91,32,1,6.91,clear sky
376,Belle Fourche,US,44.6714,-103.8522,76.51,23,0,9.55,clear sky
377,Garmsar,IR,35.2182,52.3409,80.92,11,0,5.1,clear sky
378,Letterkenny,IE,54.95,-7.7333,60.1,94,100,11.97,light rain
379,Bundaberg,AU,-24.85,152.35,73.22,53,90,4.0,overcast clouds
380,Marshall,US,34.3834,-86.3333,77.58,72,90,1.01,overcast clouds
381,Melfi,IT,40.9965,15.6514,77.23,39,71,7.49,broken clouds
382,Fort Nelson,CA,58.8053,-122.7002,59.56,33,32,5.66,scattered clouds
383,Monrovia,LR,6.3005,-10.7969,77.34,84,94,5.73,light rain
384,Saint-Francois,FR,46.4154,3.9054,63.84,94,90,4.61,overcast clouds
385,Polovinnoye,RU,54.7914,65.9864,40.14,81,7,10.2,clear sky
386,Wanxian,CN,30.8039,108.3897,75.0,98,99,3.27,overcast clouds
387,Zabaykalsk,RU,49.6333,117.3167,51.1,72,51,6.24,broken clouds
388,Punta Gorda,US,26.9298,-82.0454,81.18,82,75,3.44,broken clouds
389,Pangnirtung,CA,66.1451,-65.7125,34.16,87,99,4.0,overcast clouds
390,Omsukchan,RU,62.5333,155.8,49.62,61,60,8.43,broken clouds
391,Belmonte,BR,-15.8631,-38.8828,77.5,84,21,8.7,few clouds
392,Lakatoro,VU,-16.0999,167.4164,79.72,72,76,6.26,broken clouds
393,Xam Nua,LA,20.4197,104.0439,67.53,99,100,1.97,overcast clouds
394,Soubre,CI,5.7856,-6.6083,72.84,99,99,2.37,overcast clouds
395,Pingliang,CN,35.5392,106.6861,59.11,84,100,1.14,overcast clouds
396,Itarantim,BR,-15.6597,-40.0656,69.53,78,13,6.69,few clouds
397,Tres Palos,MX,18.1833,-101.6167,83.01,86,80,4.43,broken clouds
398,Jining,CN,35.405,116.5814,68.67,89,86,6.96,overcast clouds
399,Alamogordo,US,32.8995,-105.9603,92.21,22,1,0.0,clear sky
400,Vestmannaeyjar,IS,63.4427,-20.2734,50.85,93,100,20.24,overcast clouds
401,Nelson,NZ,-41.2833,173.2833,48.79,54,100,2.24,overcast clouds
402,Muravlenko,RU,63.7898,74.523,39.09,96,100,22.32,light rain
403,Samdrup Jongkhar,BT,26.9167,91.6167,69.04,91,99,3.62,overcast clouds
404,Yar-Sale,RU,66.8333,70.8333,38.62,89,96,12.15,overcast clouds
405,Urusha,RU,54.05,122.9,38.52,93,100,0.92,moderate rain
406,Mar Del Plata,AR,-38.0023,-57.5575,62.62,59,0,5.75,clear sky
407,Seidu,SL,9.0167,-10.6,69.01,97,95,2.62,overcast clouds
408,Panalingaan,PH,8.7842,117.4231,78.78,83,100,2.42,overcast clouds
409,Ixtapa,MX,20.7,-105.2,79.83,94,90,12.66,overcast clouds
410,Kudat,MY,6.8837,116.8477,78.94,81,100,5.37,moderate rain
411,Puerto Madryn,AR,-42.7692,-65.0385,59.61,50,90,13.06,overcast clouds
412,Meulaboh,ID,4.1363,96.1285,75.27,87,81,4.34,broken clouds
413,Nambucca Heads,AU,-30.65,153.0,64.4,58,0,1.36,clear sky
414,Coihaique,CL,-45.5752,-72.0662,46.35,76,75,4.61,moderate rain
415,Bowen,AU,-20.0167,148.2333,72.16,60,7,11.27,clear sky
416,Rurrenabaque,BO,-14.4413,-67.5278,77.25,78,90,2.13,overcast clouds
417,Singaraja,ID,-8.112,115.0882,78.71,82,92,2.57,overcast clouds
418,Sorland,NO,67.667,12.6934,52.68,68,100,5.44,overcast clouds
419,Fare,PF,-16.7,-151.0167,78.96,69,1,20.38,clear sky
420,Aden,YE,12.7794,45.0367,86.04,71,0,5.97,clear sky
421,Onalaska,US,43.8844,-91.2351,82.35,49,1,18.41,clear sky
422,Nakusp,CA,50.2499,-117.8023,57.47,55,18,1.34,few clouds
423,Hervey Bay,AU,-25.2986,152.8535,73.04,60,6,6.42,clear sky
424,Natal,BR,-5.795,-35.2094,77.65,83,0,8.05,clear sky
425,Begunitsy,RU,59.5855,29.3176,37.69,82,90,4.25,overcast clouds
426,Langenburg,DE,49.2544,9.8458,54.95,100,90,1.14,overcast clouds
427,Farah,AF,32.5,62.5,75.24,10,0,2.59,clear sky
428,Hatillo,PR,18.4863,-66.8254,85.3,88,86,16.42,overcast clouds
429,Chara,RU,56.9064,118.2631,35.49,78,100,4.05,light rain
430,Male,MV,4.1748,73.5089,82.74,70,98,10.63,overcast clouds
431,Muscle Shoals,US,34.7448,-87.6675,79.11,80,71,4.0,broken clouds
432,Lamesa,US,32.7376,-101.951,92.46,33,7,11.79,clear sky
433,Boyolangu,ID,-8.1181,111.8935,74.66,92,58,2.62,broken clouds
434,Koslan,RU,63.4564,48.8989,41.04,95,100,6.13,overcast clouds
435,Arsk,RU,56.0915,49.8778,42.58,86,100,9.95,overcast clouds
436,Kanevskaya,RU,46.0849,38.9596,58.86,45,44,6.91,scattered clouds
437,Isangel,VU,-19.55,169.2667,73.51,80,100,11.56,overcast clouds
438,Saint-Pierre,RE,-21.3393,55.4781,71.24,66,0,5.75,clear sky
439,Trairi,BR,-3.2778,-39.2689,79.09,86,0,11.21,clear sky
440,Luneburg,DE,53.25,10.4,59.23,93,100,11.56,overcast clouds
441,Hasaki,JP,35.7333,140.8333,70.2,66,100,7.56,overcast clouds
442,Tigil,RU,57.8,158.6667,50.67,75,100,10.07,overcast clouds
443,Phalodi,IN,27.1333,72.3667,88.93,52,0,5.53,clear sky
444,Lagoa,PT,39.05,-27.9833,70.92,90,48,8.37,scattered clouds
445,Haines Junction,CA,60.7522,-137.5108,47.17,61,100,4.32,overcast clouds
446,Talas,TR,38.6908,35.5538,56.07,77,75,5.75,broken clouds
447,Houma,US,29.5958,-90.7195,87.01,85,75,6.91,broken clouds
448,Pipri,IN,19.8,75.5333,71.02,89,100,5.77,overcast clouds
449,Kindu,CD,-2.95,25.95,71.31,96,100,1.36,overcast clouds
450,Usinsk,RU,65.9939,57.5281,40.33,62,98,15.3,overcast clouds
451,Coquimbo,CL,-29.9533,-71.3436,55.13,87,75,9.22,broken clouds
452,Camabatela,AO,-8.1881,15.375,64.42,86,99,7.23,overcast clouds
453,Provins,FR,48.5833,3.1667,60.31,74,14,3.33,few clouds
454,Nanakuli,US,21.3906,-158.1547,89.55,54,75,12.66,broken clouds
455,Bilibino,RU,68.0546,166.4372,30.33,81,98,6.02,overcast clouds
456,Akonolinga,CM,3.7667,12.25,68.83,99,100,3.65,light rain
457,Arman,RU,59.7,150.1667,53.76,74,5,3.24,clear sky
458,Nizhneudinsk,RU,54.9076,99.0276,46.33,99,100,4.14,overcast clouds
459,Anloga,GH,5.7947,0.8973,77.56,90,51,11.07,broken clouds
460,San Jeronimo,PE,-11.9472,-75.2829,56.53,61,91,5.26,overcast clouds
461,Ostrovnoy,RU,68.0531,39.5131,42.17,89,86,11.3,overcast clouds
462,Zhigansk,RU,66.7697,123.3711,40.77,69,100,9.37,overcast clouds
463,Pochutla,MX,15.7432,-96.4661,79.65,76,100,1.79,overcast clouds
464,Gamba,GA,-2.65,10.0,75.97,89,91,3.47,overcast clouds
465,Oussouye,SN,12.485,-16.5469,75.02,96,100,2.17,heavy intensity rain
466,Salekhard,RU,66.53,66.6019,37.65,89,87,14.09,overcast clouds
467,Gat,IL,31.61,34.7642,72.39,71,0,1.16,clear sky
468,Simbahan,PH,6.3032,120.5836,76.66,87,100,7.31,moderate rain
469,Senno,RU,59.5336,33.9167,33.93,96,19,2.8,few clouds
470,Dukat,RU,62.55,155.55,49.1,57,60,8.46,broken clouds
471,Palana,RU,59.1167,159.9667,46.54,78,100,9.98,overcast clouds
472,Tlacotepec,MX,20.0667,-97.8667,69.19,92,100,2.24,light rain
473,Mahebourg,MU,-20.4081,57.7,70.25,84,18,5.39,light rain
474,Ahmadpur Sial,PK,30.6754,71.7483,89.53,42,29,10.16,scattered clouds
475,Adrar,MR,20.5022,-10.0711,96.62,18,95,3.22,overcast clouds
476,Shadrinsk,RU,56.0852,63.6335,40.32,94,90,13.98,light rain
477,Buguruslan,RU,53.6554,52.442,44.96,77,100,10.96,overcast clouds
478,Mufumbwe,ZM,-13.6833,24.8,69.21,28,41,4.12,scattered clouds
479,Salinopolis,BR,-0.6136,-47.3561,78.35,86,4,10.65,clear sky
480,Leh,IN,34.1667,77.5833,53.37,34,0,6.04,clear sky
481,Faenza,IT,44.2857,11.8833,73.44,93,48,7.99,scattered clouds
482,Tashtagol,RU,52.7657,87.8894,46.29,83,100,3.04,overcast clouds
483,Santa Isabel Do Rio Negro,BR,-0.4139,-65.0192,77.77,74,49,2.59,scattered clouds
484,Galesong,ID,-5.3166,119.3661,73.42,70,97,4.45,overcast clouds
485,Souillac,MU,-20.5167,57.5167,70.36,87,5,6.55,clear sky
486,Batticaloa,LK,7.7102,81.6924,80.47,81,99,1.03,overcast clouds
487,Oshkosh,US,44.0247,-88.5426,79.12,50,1,9.22,clear sky
488,Utiel,ES,39.5667,-1.2,58.3,72,71,4.43,broken clouds
489,Dzhebariki-Khaya,RU,62.2167,135.8,56.88,56,100,7.09,overcast clouds
490,Aykhal,RU,66.0,111.5,34.43,86,51,13.33,broken clouds
491,Camana,PE,-16.6228,-72.7111,61.07,83,63,8.43,broken clouds
492,Yibin,CN,28.7667,104.6238,70.03,89,100,0.89,overcast clouds
493,Kadoma,JP,34.7333,135.5833,75.18,73,100,7.54,overcast clouds
494,Ginda,IN,30.6945,78.4932,64.09,91,98,1.92,overcast clouds
495,Grand Gaube,MU,-20.0064,57.6608,70.38,88,11,1.99,light rain
496,Umm Lajj,SA,25.0213,37.2685,81.23,71,7,5.86,clear sky
497,Arlit,NE,18.7369,7.3853,93.6,14,0,12.59,clear sky
498,Agirish,RU,61.9247,63.0231,38.86,94,100,16.02,light rain
499,Louga,RU,58.7372,29.8453,38.21,91,82,4.18,broken clouds
500,Codrington,AU,-38.2667,141.9667,57.47,62,94,20.15,overcast clouds
501,Mehamn,NO,71.0357,27.8492,40.75,77,100,10.02,overcast clouds
502,Cody,US,44.5263,-109.0565,59.92,47,1,20.71,clear sky
503,Baturaja,ID,-4.1333,104.1667,72.1,96,12,1.66,few clouds
504,Zyryanskoye,RU,56.8306,86.6258,50.34,90,100,6.67,light rain
505,Almaznyy,RU,48.0448,40.045,50.14,51,0,4.94,clear sky
506,Laguna,US,38.421,-121.4238,92.21,42,1,4.0,smoke
507,Mangai,CD,-4.05,19.5333,71.96,88,71,2.24,light rain
508,Marawi,PH,7.9986,124.2928,66.65,90,87,1.92,light rain
509,Quatre Cocos,MU,-20.2078,57.7625,70.09,85,18,4.41,light rain
510,Opuwo,NA,-18.0607,13.84,67.23,23,9,2.48,clear sky
511,Crispiano,IT,40.6058,17.2303,74.59,79,72,3.4,broken clouds
512,Nadvoitsy,RU,63.8667,34.3167,40.55,86,65,11.25,broken clouds
513,Carauari,BR,-4.8828,-66.8958,78.24,73,50,1.63,scattered clouds
514,Marzuq,YE,14.4,46.4667,78.96,18,76,2.59,broken clouds
515,Jizan,SA,17.3333,42.6667,88.39,64,92,8.01,overcast clouds
516,Port Shepstone,ZA,-30.7414,30.455,60.33,77,92,18.45,light rain
517,Hambantota,LK,6.1241,81.1185,79.36,84,99,12.24,overcast clouds
518,Mouila,GA,-1.8685,11.0559,75.85,92,100,2.21,light rain
519,Santa Rosa,PH,14.3122,121.1114,78.85,84,100,3.78,overcast clouds
520,New Panay,PH,6.7586,124.5892,75.61,94,100,0.85,overcast clouds
521,Nampula,MZ,-15.1165,39.2666,68.22,86,7,5.79,clear sky
522,Mancio Lima,BR,-7.6142,-72.8958,74.53,89,63,2.24,broken clouds
523,Reitz,ZA,-27.8014,28.4273,47.07,85,3,11.81,clear sky
524,Guayaramerin,BO,-10.8368,-65.3614,78.85,67,74,1.05,broken clouds
525,Whitehorse,CA,60.7161,-135.0538,50.09,56,100,8.63,overcast clouds
526,Doha,QA,25.2867,51.5333,91.38,49,0,8.05,clear sky
527,Half Moon Bay,US,37.4636,-122.4286,79.79,73,90,6.91,haze
528,Svetlyy,RU,54.675,20.1347,57.25,94,99,3.38,overcast clouds
529,Hounde,BF,11.5,-3.5167,76.26,79,37,4.56,scattered clouds
530,San Vicente,AR,-26.6167,-54.1333,59.18,99,100,7.56,light rain
531,Cagliari,IT,39.245,9.0912,78.91,63,0,10.36,clear sky
532,Camacha,PT,33.0833,-16.3333,71.02,73,40,12.66,scattered clouds
533,Santander,ES,43.4647,-3.8044,65.46,89,90,1.01,overcast clouds
534,Dongkan,CN,33.9997,119.8308,68.74,90,1,3.76,clear sky
535,Liberty,US,31.8335,-81.5004,77.11,47,90,0.0,heavy intensity rain
536,Kryvyy Rih,UA,47.9167,33.35,50.88,57,0,0.0,clear sky
537,Huarmey,PE,-10.0681,-78.1522,64.51,78,7,11.3,clear sky
538,Yei,SS,4.095,30.6779,66.38,95,96,3.11,overcast clouds
539,Carnot,CF,4.9409,15.8665,69.96,95,84,0.18,broken clouds
540,Narwar,IN,25.65,77.9,71.02,96,100,14.7,overcast clouds
541,Port Blair,IN,11.6667,92.75,78.69,83,100,7.34,overcast clouds
542,Sept-Iles,CA,50.2001,-66.3821,57.06,85,3,7.0,clear sky
543,Midland,US,31.9974,-102.0779,92.75,32,1,12.66,clear sky
544,Filadelfia,US,39.9523,-75.1638,76.05,78,90,5.99,overcast clouds
545,Alyangula,AU,-13.8483,136.4192,79.3,63,8,11.21,clear sky
546,Kupang,ID,-10.1667,123.5833,79.38,73,20,8.05,few clouds
547,Taft,IR,31.7471,54.2088,70.36,9,0,4.09,clear sky
548,Flums,CH,47.0906,9.343,62.71,88,100,3.65,overcast clouds
549,El Alto,PE,-4.2714,-81.2147,64.58,80,47,17.02,scattered clouds
550,Vardo,NO,70.3705,31.1107,41.2,71,51,10.27,broken clouds
551,Santa Ines,BR,-3.6667,-45.38,75.78,79,31,4.85,scattered clouds
552,Surt,LY,31.2089,16.5887,77.0,59,0,9.73,clear sky
553,Mount Isa,AU,-20.7333,139.5,78.57,22,2,6.91,clear sky
554,Hammerfest,NO,70.6634,23.6821,43.25,65,0,10.36,clear sky
555,Green River,US,41.5286,-109.4662,77.4,23,65,7.0,broken clouds
556,Tahe,CN,52.3333,124.7333,42.12,91,74,2.19,light rain
557,Mikuni,JP,36.2171,136.1519,72.68,76,100,5.23,overcast clouds
558,Taltal,CL,-25.4,-70.4833,59.38,75,21,4.61,few clouds
559,Shingu,JP,33.7333,135.9833,76.91,89,99,5.57,overcast clouds
560,Barand,HU,47.3,21.2333,71.94,59,100,6.8,overcast clouds
561,Suez,EG,29.9737,32.5263,72.43,74,0,9.01,clear sky
562,Gudari,IN,19.35,83.7833,75.2,94,98,1.72,overcast clouds
563,Sobolevo,RU,54.4299,31.8996,38.98,81,100,6.13,light rain
564,Tamiahua,MX,21.2667,-97.45,82.71,79,100,5.97,overcast clouds
565,Gabu,GW,12.2833,-14.2167,73.6,96,100,2.89,light rain
566,Omboue,GA,-1.5746,9.2618,76.73,83,100,6.58,overcast clouds
567,Waldoboro,US,44.0954,-69.3756,63.68,83,0,4.63,clear sky
568,Monchegorsk,RU,67.9397,32.8739,40.12,92,96,4.07,overcast clouds
569,Kaeo,NZ,-35.1,173.7833,57.45,84,94,7.23,overcast clouds
570,Alihe,CN,50.5667,123.7167,50.74,85,12,3.44,few clouds
571,Macenta,GN,8.5435,-9.471,69.82,98,72,1.79,broken clouds
572,Stepnyak,KZ,52.8339,70.7803,49.44,73,62,7.83,broken clouds
573,Tilichiki,RU,60.4667,166.1,49.19,66,56,1.83,broken clouds
574,Matara,LK,5.9485,80.5353,77.95,90,99,7.58,overcast clouds
575,Bandar,ID,2.05,99.75,72.77,98,93,1.48,overcast clouds
576,Oktyabrskiy,RU,54.4815,53.471,44.26,82,100,12.41,overcast clouds
577,Corning,US,42.1428,-77.0547,70.18,85,90,0.0,overcast clouds
578,Wembley,AU,-31.9333,115.8,43.0,96,40,5.75,light intensity shower rain
579,Warrington,GB,53.3925,-2.5802,59.79,88,0,5.75,clear sky
580,Eyl,SO,7.9803,49.8164,77.79,84,45,19.28,scattered clouds
581,Seymchan,RU,62.8833,152.4333,52.61,56,6,6.78,clear sky
582,Aurich,DE,53.4667,7.4833,58.96,94,75,9.22,broken clouds
583,Hagi,JP,34.4,131.4167,76.55,89,100,20.09,overcast clouds
584,Monte Alegre,BR,-2.0078,-54.0692,79.05,74,40,1.92,scattered clouds
585,Yenagoa,NG,4.9247,6.2642,75.74,93,100,3.87,overcast clouds
586,Banda Aceh,ID,5.5577,95.3222,77.14,82,56,2.77,broken clouds
587,Alta Floresta,BR,-9.8756,-56.0861,79.34,60,71,4.63,broken clouds
588,Bellevue,US,47.6104,-122.2007,71.78,48,1,3.0,clear sky
589,Zastron,ZA,-30.3023,27.084,39.22,71,1,8.01,clear sky
590,Tautira,PF,-17.7333,-149.15,84.22,72,25,17.65,scattered clouds
591,Primero De Enero,CU,21.9469,-78.4283,81.37,75,39,3.91,moderate rain
592,Bergen,NO,60.392,5.328,57.65,95,75,0.0,broken clouds
593,Sarkand,KZ,45.41,79.9186,59.7,41,20,7.11,few clouds
594,Anklam,DE,53.8564,13.6897,61.97,90,100,13.82,overcast clouds
595,Tabou,CI,4.423,-7.3528,77.25,87,81,8.05,light rain
596,Naifaru,MV,5.4444,73.3657,82.47,76,86,13.04,overcast clouds
597,Qandala,SO,11.472,49.8728,89.82,53,9,3.67,clear sky
598,Inta,RU,66.0317,60.1659,36.79,83,97,14.12,overcast clouds
599,Kaseda,JP,31.4167,130.3167,79.14,87,99,16.51,overcast clouds
600,Dourados,BR,-22.2211,-54.8056,76.57,72,56,4.79,light rain
601,Suntar,RU,62.1444,117.6319,37.74,87,99,5.17,overcast clouds
602,Leshukonskoye,RU,64.8989,45.7622,40.32,95,100,6.51,overcast clouds
603,Gornopravdinsk,RU,60.05,69.9,41.76,95,100,6.87,overcast clouds
604,Olavarria,AR,-36.8927,-60.3225,54.52,77,0,8.08,clear sky
605,Colares,PT,38.7992,-9.4469,67.19,74,0,17.96,clear sky
606,Isiro,CD,2.7739,27.616,65.7,98,100,1.92,overcast clouds
607,Kungurtug,RU,50.5994,97.5228,40.6,64,89,1.28,overcast clouds
608,Paita,PE,-5.0892,-81.1144,66.11,79,25,17.98,scattered clouds
609,Nakhon Si Thammarat,TH,8.25,100.0,76.96,88,100,2.44,overcast clouds
610,Martigny,CH,46.0833,7.0833,62.02,95,97,1.23,overcast clouds
611,Obo,CF,5.3998,26.4869,67.26,98,100,5.19,light rain
612,Guilin,CN,25.2819,110.2864,74.64,94,51,1.81,broken clouds
613,Wote,KE,-1.7808,37.6288,62.15,88,46,1.5,scattered clouds
614,Villa Guerrero,MX,18.8667,-99.65,76.62,81,92,3.33,overcast clouds
615,Miramar,US,25.9873,-80.2323,83.01,76,75,6.91,broken clouds
616,Eureka,US,40.8021,-124.1637,79.66,67,2,5.99,clear sky
617,Waipawa,NZ,-41.4122,175.5153,46.02,70,100,16.24,overcast clouds
618,Nagato,JP,34.3833,131.2,76.89,89,100,23.35,overcast clouds
619,Penal,TT,10.1667,-61.4667,81.14,87,6,1.01,clear sky
620,Baherden,TM,38.4362,57.4316,83.79,11,0,7.05,clear sky
621,Semporna,MY,4.4818,118.6112,78.64,83,100,6.78,overcast clouds
622,Bentiu,SS,9.2333,29.8333,72.72,93,73,2.84,light rain
623,Sorong,ID,-0.8833,131.25,77.88,87,98,4.79,overcast clouds
624,Finnsnes,NO,69.2296,17.9811,40.96,77,100,4.45,overcast clouds
625,High Rock,BS,26.6208,-78.2833,82.42,67,1,9.17,clear sky
626,Kholmy,UA,51.871,32.6006,48.79,59,100,5.23,light rain
627,San Andres,CO,12.5847,-81.7006,84.22,79,75,6.91,broken clouds
628,Ebolowa,CM,2.9,11.15,68.85,99,100,1.5,overcast clouds
629,Bismarck,US,46.8083,-100.7837,69.64,32,1,20.71,clear sky
630,Nazarovo,RU,56.0064,90.3914,49.8,94,92,7.29,light rain
631,Erzin,TR,36.9559,36.2,69.01,81,7,2.1,clear sky
632,Craig,US,40.5153,-107.5464,83.39,12,1,21.85,clear sky
633,Navoloki,RU,57.4657,41.9634,41.4,76,100,5.44,overcast clouds
634,Leo,BF,11.1,-2.1,75.49,78,30,5.37,scattered clouds
635,Vysokopillya,UA,47.4919,33.5306,50.38,45,3,3.13,clear sky
636,Plattsburgh,US,44.6995,-73.4529,68.18,71,1,0.0,clear sky
637,Kargasok,RU,59.0556,80.8572,53.35,96,100,11.97,light rain
638,Novocheremshansk,RU,54.3571,50.1666,45.19,77,100,9.71,overcast clouds
639,Benemerito De Las Americas,MX,16.5167,-90.6439,89.76,60,74,3.56,broken clouds
640,Jinxiang,CN,27.4327,120.6062,76.64,84,20,3.78,few clouds
641,Arys,KZ,42.4252,68.795,64.62,22,0,7.34,clear sky
642,Nador,MA,35.174,-2.9287,68.25,88,0,0.0,clear sky
643,Brigham City,US,41.5102,-112.0155,84.81,25,1,1.01,clear sky
644,Sao Jose Da Coroa Grande,BR,-8.8978,-35.1478,75.88,83,3,12.24,clear sky
645,Unai,BR,-16.3575,-46.9061,82.89,23,0,1.83,clear sky
646,Todos Santos,MX,23.45,-110.2167,88.39,76,38,6.62,scattered clouds
647,Barvinkove,UA,48.9097,37.0205,51.48,46,4,4.59,clear sky
648,Kodinsk,RU,58.6881,99.1844,33.76,95,89,3.24,overcast clouds
649,Port Augusta,AU,-32.5,137.7667,75.7,26,83,10.02,broken clouds
650,Pachino,IT,36.7186,15.0907,77.59,69,16,11.52,few clouds
651,Muros,ES,42.7762,-9.0603,66.24,85,2,4.7,clear sky
652,Nouadhibou,MR,20.931,-17.0347,72.41,80,1,24.47,clear sky
653,Obihiro,JP,42.9172,143.2044,54.81,79,100,2.15,light rain
654,Fort Saint James,CA,54.4333,-124.25,55.76,35,68,4.9,broken clouds
655,Katobu,ID,-4.9408,122.5276,75.54,90,99,4.0,overcast clouds
656,Qeshm,IR,26.9581,56.2719,87.17,78,1,6.15,clear sky
657,Ganzhou,CN,28.8184,115.4327,72.25,84,0,2.48,clear sky
658,Manaus,BR,-3.1019,-60.025,82.89,69,40,5.75,scattered clouds
659,Manicore,BR,-5.8092,-61.3003,81.54,59,80,1.43,broken clouds
660,Newport,GB,51.5877,-2.9984,59.77,89,100,4.38,overcast clouds
661,Sibolga,ID,1.7427,98.7792,75.92,84,58,2.8,broken clouds
662,Samfya,ZM,-11.3649,29.5565,70.48,40,6,5.21,clear sky
663,Avera,US,33.194,-82.5271,76.87,90,100,5.23,overcast clouds
664,Amboasary,MG,-25.0333,46.3833,68.94,70,0,3.85,clear sky
665,George,ZA,-33.963,22.4617,49.51,75,4,6.22,clear sky
666,Inyonga,TZ,-6.7167,32.0667,78.1,37,83,2.21,broken clouds
667,Kimamba,TZ,-6.7833,37.1333,71.6,76,68,6.51,broken clouds
668,Asau,RO,46.4333,26.4,61.95,83,95,4.76,overcast clouds
669,Linfen,CN,36.0889,111.5189,68.47,75,100,7.54,overcast clouds
670,Makokou,GA,0.5738,12.8642,70.61,96,100,3.6,light rain
671,Kabare,CD,-2.4683,28.8242,62.65,94,96,1.68,moderate rain
672,Vung Tau,VN,10.346,107.0843,79.99,79,100,1.66,light rain
673,Menongue,AO,-14.6585,17.691,64.29,20,2,2.39,clear sky
674,Nara,JP,34.6851,135.8049,74.48,79,100,8.72,overcast clouds
675,Henties Bay,NA,-22.116,14.2845,51.85,89,18,3.89,few clouds
676,Tevriz,RU,57.509,72.4042,43.12,95,65,6.76,broken clouds
677,Aurora,US,39.7294,-104.8319,92.79,12,75,5.99,broken clouds
678,Mattru,SL,7.6244,-11.8332,72.66,98,92,2.62,overcast clouds
679,Whyalla,AU,-33.0333,137.5833,66.04,45,95,8.59,overcast clouds
680,Merrill,US,45.1805,-89.6835,78.57,54,1,6.91,clear sky
681,Cuxhaven,DE,53.8718,8.6909,59.2,82,75,12.66,broken clouds
682,Sakaiminato,JP,35.55,133.2333,75.15,83,100,6.22,overcast clouds
683,Saint Anthony,US,45.0205,-93.218,88.3,47,1,11.01,clear sky
684,Samarai,PG,-10.6167,150.6667,77.49,74,92,18.92,overcast clouds
685,Gerash,IR,27.6652,54.1371,79.92,23,0,1.88,clear sky
686,Kletskaya,RU,49.3145,43.0584,49.08,53,0,4.63,clear sky
687,Nalut,LY,30.3333,10.85,78.37,21,0,10.96,clear sky
688,El Vigia,VE,8.6219,-71.6506,82.2,72,34,3.24,scattered clouds
689,Vallenar,CL,-28.5708,-70.7581,64.8,44,0,4.18,clear sky
690,Cacu,BR,-18.5567,-51.1308,86.18,21,2,3.94,clear sky
691,Praia,CV,14.9215,-23.5087,81.14,83,75,18.41,broken clouds
692,San Quintin,MX,30.4833,-115.95,72.3,66,0,17.16,clear sky
693,Providencia,MX,28.7167,-111.5833,100.45,50,1,17.0,clear sky
694,Peleduy,RU,59.6289,112.7406,36.95,98,100,4.56,overcast clouds
695,Saint-Paul,RE,-21.0096,55.2707,71.69,74,13,1.19,few clouds
696,Palmer,US,42.1584,-72.3287,72.48,76,90,8.05,overcast clouds
697,Santos Dumont,BR,-21.4567,-43.5525,58.87,92,59,4.81,broken clouds
698,Kenora,CA,49.8167,-94.4337,57.18,90,100,3.33,overcast clouds
699,Kirovohrad,UA,48.5132,32.2597,55.27,51,9,5.5,clear sky
700,Kulhudhuffushi,MV,6.6221,73.07,82.06,78,63,12.84,broken clouds
701,Vytegra,RU,61.0064,36.4481,38.46,89,85,5.19,overcast clouds
702,Karla,EE,59.3723,24.9275,46.56,85,90,9.22,overcast clouds
703,Kamenka,RU,51.3223,42.7678,42.55,80,22,2.53,few clouds
704,Krasnyy Klyuch,RU,55.3863,56.6529,41.68,90,100,10.63,overcast clouds
705,Aswan,EG,24.0934,32.907,80.29,33,0,10.83,clear sky
706,Nova Olinda Do Norte,BR,-3.8881,-59.0942,80.33,63,55,0.83,broken clouds
707,Pringsewu,ID,-5.3582,104.9744,72.01,96,10,0.63,clear sky
708,Ternate,ID,0.8,127.4,78.24,86,99,9.42,overcast clouds
709,Poya,NC,-21.35,165.15,71.82,51,49,7.72,scattered clouds
710,Kattivakkam,IN,13.2167,80.3167,84.29,74,100,6.38,overcast clouds
711,Vilyuysk,RU,63.7553,121.6247,41.36,67,100,8.48,overcast clouds
712,Douglas,US,41.3,-96.167,90.99,44,1,10.0,clear sky
713,Tazovskiy,RU,67.4667,78.7,38.88,93,90,12.28,overcast clouds
714,Kuala Terengganu,MY,5.3302,103.1408,76.8,89,92,6.96,overcast clouds
